{
  "weights": {
    "doubling": -0.08805002980204922,
    "probability": 0.19963204264973183,
    "analyse": -0.49351513791021345,
    "count": -0.08805002980204922,
    "7": 0.5180857737682665,
    "6": 1.2112329543282117,
    "3": 1.5606085957853326,
    "put": 0.605097150757896,
    "tasks": 0.19963204264973183,
    "decimal": 1.0105622588660608,
    "intervals": -0.49351513791021345,
    "promote": 0.605097150757896,
    "unitary": -0.08805002980204922,
    "even": -0.49351513791021345,
    "50": 0.19963204264973183,
    "define": -0.49351513791021345,
    "sketch": -0.49351513791021345,
    "graad": 2.2473248860149875,
    "common": 0.4227755939639416,
    "result": -0.49351513791021345,
    "trig": -0.49351513791021345,
    "classifying": -0.49351513791021345,
    "down": 0.19963204264973183,
    "pictures": -0.49351513791021345,
    "geometric": 0.7592478305851547,
    "thread": -0.49351513791021345,
    "pattern": -0.08805002980204922,
    "plotting": -0.49351513791021345,
    "days": -0.49351513791021345,
    "maths": 0.7104576664157225,
    "at": 1.2112329543282117,
    "measure": -0.49351513791021345,
    "time": -0.49351513791021345,
    "symbols": -0.49351513791021345,
    "largest": -0.49351513791021345,
    "grade": 0.425549520846667,
    "different": -0.49351513791021345,
    "perform": -0.08805002980204922,
    "use": 1.2982443313178413,
    "equations": 0.7592478305851547,
    "extend": -0.08805002980204922,
    "least": 1.2982443313178413,
    "by": 1.904380134888157,
    "simplifying": -0.49351513791021345,
    "repeatedly": -0.08805002980204922,
    "cogni": -0.49351513791021345,
    "language": -2.9784217876982138,
    "squares": -0.49351513791021345,
    "plot": -0.49351513791021345,
    "learning": -0.49351513791021345,
    "say": -0.49351513791021345,
    "poetry": -3.671568968258159,
    "topics": 2.3396982061460028,
    "capacity": -0.49351513791021345,
    "lesson": -3.5845575912685295,
    "questions": 0.7592478305851547,
    "essay": -3.5845575912685295,
    "breaking": 0.19963204264973183,
    "vir": 2.2473248860149875,
    "factorisation": -0.49351513791021345,
    "1000": -0.49351513791021345,
    "odd": -0.49351513791021345,
    "leading": 0.605097150757896,
    "does": 2.3098452429963214,
    "i": -0.42452226642326185,
    "twodigit": -0.49351513791021345,
    "patterns": 1.8090699550838323,
    "strategically": -0.49351513791021345,
    "list": -3.7516116759316955,
    "900": -0.49351513791021345,
    "smallest": -0.08805002980204922,
    "input": -0.08805002980204922,
    "rounding": 0.19963204264973183,
    "14": -0.49351513791021345,
    "basic": -0.08805002980204922,
    "method": -0.49351513791021345,
    "5s": -0.49351513791021345,
    "rules": 0.19963204264973183,
    "place": 0.4227755939639416,
    "functions": 1.1159227745238869,
    "examination": -0.08805002980204922,
    "ask": 0.605097150757896,
    "orientation": -3.894712519572369,
    "grouping": -0.49351513791021345,
    "atp": 3.032845386705948,
    "requirements": 2.3686857430192547,
    "final": -0.49351513791021345,
    "understanding": -0.49351513791021345,
    "plan": -3.5845575912685295,
    "84": -0.49351513791021345,
    "rates": -3.894712519572369,
    "analytical": 0.605097150757896,
    "value": 0.4227755939639416,
    "600": -0.49351513791021345,
    "equation": -0.49351513791021345,
    "task": -0.08805002980204922,
    "operations": 1.1159227745238869,
    "principle": -0.49351513791021345,
    "of": 0.24219165706852766,
    "th": -0.08805002980204922,
    "town": -3.894712519572369,
    "constant": -0.49351513791021345,
    "vectors": -3.4892474114642043,
    "volume": -0.08805002980204922,
    "marks": -0.49351513791021345,
    "3d": -0.08805002980204922,
    "subtracting": -0.49351513791021345,
    "large": -0.49351513791021345,
    "halving": -0.08805002980204922,
    "sentences": 0.4227755939639416,
    "measurement": 0.19963204264973183,
    "igcse": -3.671568968258159,
    "solve": 0.605097150757896,
    "point": 0.19963204264973183,
    "difference": -0.08805002980204922,
    "rubric": -3.894712519572369,
    "cos": -0.08805002980204922,
    "know": -0.49351513791021345,
    "learners": 0.4227755939639416,
    "unknowns": -0.08805002980204922,
    "frequency": -0.49351513791021345,
    "two": 1.0105622588660608,
    "1s": 0.8927792232096772,
    "script": -3.7516116759316955,
    "16": -0.08805002980204922,
    "ungrouped": -0.49351513791021345,
    "give": -3.7516116759316955,
    "properties": 0.7592478305851547,
    "that": 0.19963204264973183,
    "counting": 0.19963204264973183,
    "in": 1.4897825432167202,
    "tan": -0.08805002980204922,
    "reveal": 0.4227755939639416,
    "2": 0.23644601577244823,
    "do": -0.4584238180989433,
    "four": -0.49351513791021345,
    "t": -0.08805002980204922,
    "bead": -0.49351513791021345,
    "prime": -0.49351513791021345,
    "squared": -0.08805002980204922,
    "weather": -3.894712519572369,
    "thinking": 0.605097150757896,
    "categories": -0.49351513791021345,
    "less": -0.49351513791021345,
    "an": -0.49351513791021345,
    "calculus": -0.08805002980204922,
    "sciences": -3.5845575912685295,
    "line": 1.378287038991378,
    "expressions": -0.49351513791021345,
    "between": 1.4523950111450998,
    "polynomial": -0.49351513791021345,
    "organize": -0.08805002980204922,
    "react": -3.671568968258159,
    "component": -3.671568968258159,
    "finance": -0.49351513791021345,
    "organising": -0.49351513791021345,
    "halves": -0.08805002980204922,
    "strategy": -0.49351513791021345,
    "9": 0.17146116568303577,
    "literacy": -3.894712519572369,
    "it": -0.49351513791021345,
    "python": -3.7516116759316955,
    "investigate": 0.605097150757896,
    "nb": -0.49351513791021345,
    "problems": -0.08805002980204922,
    "sharing": 0.4227755939639416,
    "five": -0.49351513791021345,
    "pg": 0.4227755939639416,
    "factors": -0.49351513791021345,
    "on": 1.2112329543282117,
    "causes": -3.7516116759316955,
    "big": 0.4227755939639416,
    "including": 0.4227755939639416,
    "170": -0.49351513791021345,
    "tables": -0.49351513791021345,
    "hl": -3.4892474114642043,
    "numerical": -0.49351513791021345,
    "teach": 2.1806335115163153,
    "and": 3.195364316203723,
    "world": -3.7516116759316955,
    "inequalities": -0.08805002980204922,
    "constructed": -0.49351513791021345,
    "always": -0.49351513791021345,
    "24": 0.4227755939639416,
    "work": -2.652999387263586,
    "72": -0.49351513791021345,
    "number": 3.232178289326439,
    "accuracy": -0.49351513791021345,
    "general": -0.49351513791021345,
    "or": 0.8927792232096772,
    "formal": 0.605097150757896,
    "pp": 0.8927792232096772,
    "definition": -0.49351513791021345,
    "values": -0.49351513791021345,
    "pictographs": -0.49351513791021345,
    "mathematical": -3.894712519572369,
    "750": -0.49351513791021345,
    "fair": 0.4227755939639416,
    "12": -0.3111935811162589,
    "set": 0.605097150757896,
    "building": 0.19963204264973183,
    "be": 0.8927792232096772,
    "class": 0.19963204264973183,
    "beads": -0.49351513791021345,
    "appropriate": -0.49351513791021345,
    "map": -3.7516116759316955,
    "500": -0.08805002980204922,
    "15": 0.8927792232096772,
    "multiply": 0.605097150757896,
    "link": -0.49351513791021345,
    "127": -0.49351513791021345,
    "300": -0.49351513791021345,
    "multiplication": -0.49351513791021345,
    "summary": -0.49351513791021345,
    "29": -0.49351513791021345,
    "graphically": -0.49351513791021345,
    "sources": -0.08805002980204922,
    "faces": -0.49351513791021345,
    "right": -0.08805002980204922,
    "home": -3.671568968258159,
    "rapid": -0.49351513791021345,
    "quadratic": -0.08805002980204922,
    "space": -0.49351513791021345,
    "trial": -0.49351513791021345,
    "figures": 0.19963204264973183,
    "growth": -0.49351513791021345,
    "differential": -0.08805002980204922,